"super_domain_name"	"M"	"SD"
"intertextuality"	3.10209869337449	1.48225711938483
"natural_phenomena"	3.04261482182101	1.45732509055892
"culture"	2.99920730476141	1.46154846987407
